metric,baseline_3.0,sensitivity_4.0,delta_pct
total_cost,20039187.249016695,21066026.846352756,5.12
fleet_size,22.0,22.0,0.0
total_co2eq,13364.498269374246,12837.415085321029,-3.94
avg_safety_score,3.1363636363636362,4.0,27.54
total_dwt,4578016.0,4577002.0,-0.02
total_fuel,4674.476908796873,4920.300380037025,5.26
